{
  "chart": {
    "title": "Global fossil fuel consumption",
    "subtitle": "Measured in [terawatt-hours](#dod:watt-hours) of [primary energy](#dod:primaryenergy) consumption.",
    "citation": "Energy Institute - Statistical Review of World Energy (2025); Smil (2017)",
    "originalChartUrl": "https://ourworldindata.org/grapher/global-fossil-fuel-consumption?v=1&csvType=full&useColumnShortNames=false",
    "selection": [
      "World"
    ]
  },
  "columns": {
    "Gas (TWh, direct energy)": {
      "titleShort": "Direct primary energy from natural gas",
      "titleLong": "Direct primary energy from natural gas",
      "descriptionShort": "Measured in terawatt-hours.",
      "descriptionKey": [
        "Primary energy data can be quantified using two different methodologies: (1) 'Direct' primary energy, which directly combines fossil fuel data with the electricity generated by nuclear power and renewables. (2) 'Substituted' primary energy, which converts non-fossil electricity into their 'input equivalents': The amount of primary energy that would be needed if they had the same inefficiencies as fossil fuels. This 'substitution method' is adopted by the Energy Institute's Statistical Review of World Energy, when all data is compared in exajoules."
      ],
      "descriptionProcessing": "- All data prior to the year 1965 is sourced from Smil (2017). All data from 1965 onwards, with the exception of traditional biomass is sourced from the Energy Institute Statistical Review of World Energy. Smil's estimates of traditional biomass are only available until 2015. For the years 2016 onwards, we have assumed a similar level of traditional biomass consumption. This is approximately in line with recent trends in traditional biomass from Smil's data.\n- We convert all data from the Statistical Review of World Energy from exajoules (EJ) to terawatt-hours (TWh), using a conversion factor of 1,000,000 / 3,600 (~277.778).",
      "shortUnit": "TWh",
      "unit": "terawatt-hours",
      "timespan": "1800-2024",
      "type": "Numeric",
      "conversionFactor": 1,
      "owidVariableId": 1077531,
      "shortName": "gas__twh_direct_energy",
      "lastUpdated": "2025-06-27",
      "nextUpdate": "2026-06-27",
      "citationShort": "Energy Institute - Statistical Review of World Energy (2025); Smil (2017) – with major processing by Our World in Data",
      "citationLong": "Energy Institute - Statistical Review of World Energy (2025); Smil (2017) – with major processing by Our World in Data. “Direct primary energy from natural gas” [dataset]. Energy Institute, “Statistical Review of World Energy”; Smil, “Energy Transitions: Global and National Perspectives” [original data].",
      "fullMetadata": "https://api.ourworldindata.org/v1/indicators/1077531.metadata.json"
    },
    "Oil (TWh, direct energy)": {
      "titleShort": "Direct primary energy from oil",
      "titleLong": "Direct primary energy from oil",
      "descriptionShort": "Measured in terawatt-hours.",
      "descriptionKey": [
        "Primary energy data can be quantified using two different methodologies: (1) 'Direct' primary energy, which directly combines fossil fuel data with the electricity generated by nuclear power and renewables. (2) 'Substituted' primary energy, which converts non-fossil electricity into their 'input equivalents': The amount of primary energy that would be needed if they had the same inefficiencies as fossil fuels. This 'substitution method' is adopted by the Energy Institute's Statistical Review of World Energy, when all data is compared in exajoules."
      ],
      "descriptionProcessing": "- All data prior to the year 1965 is sourced from Smil (2017). All data from 1965 onwards, with the exception of traditional biomass is sourced from the Energy Institute Statistical Review of World Energy. Smil's estimates of traditional biomass are only available until 2015. For the years 2016 onwards, we have assumed a similar level of traditional biomass consumption. This is approximately in line with recent trends in traditional biomass from Smil's data.\n- We convert all data from the Statistical Review of World Energy from exajoules (EJ) to terawatt-hours (TWh), using a conversion factor of 1,000,000 / 3,600 (~277.778).",
      "shortUnit": "TWh",
      "unit": "terawatt-hours",
      "timespan": "1800-2024",
      "type": "Numeric",
      "conversionFactor": 1,
      "owidVariableId": 1077561,
      "shortName": "oil__twh_direct_energy",
      "lastUpdated": "2025-06-27",
      "nextUpdate": "2026-06-27",
      "citationShort": "Energy Institute - Statistical Review of World Energy (2025); Smil (2017) – with major processing by Our World in Data",
      "citationLong": "Energy Institute - Statistical Review of World Energy (2025); Smil (2017) – with major processing by Our World in Data. “Direct primary energy from oil” [dataset]. Energy Institute, “Statistical Review of World Energy”; Smil, “Energy Transitions: Global and National Perspectives” [original data].",
      "fullMetadata": "https://api.ourworldindata.org/v1/indicators/1077561.metadata.json"
    },
    "Coal (TWh, direct energy)": {
      "titleShort": "Direct primary energy from coal",
      "titleLong": "Direct primary energy from coal",
      "descriptionShort": "Measured in terawatt-hours.",
      "descriptionKey": [
        "Primary energy data can be quantified using two different methodologies: (1) 'Direct' primary energy, which directly combines fossil fuel data with the electricity generated by nuclear power and renewables. (2) 'Substituted' primary energy, which converts non-fossil electricity into their 'input equivalents': The amount of primary energy that would be needed if they had the same inefficiencies as fossil fuels. This 'substitution method' is adopted by the Energy Institute's Statistical Review of World Energy, when all data is compared in exajoules."
      ],
      "descriptionProcessing": "- All data prior to the year 1965 is sourced from Smil (2017). All data from 1965 onwards, with the exception of traditional biomass is sourced from the Energy Institute Statistical Review of World Energy. Smil's estimates of traditional biomass are only available until 2015. For the years 2016 onwards, we have assumed a similar level of traditional biomass consumption. This is approximately in line with recent trends in traditional biomass from Smil's data.\n- We convert all data from the Statistical Review of World Energy from exajoules (EJ) to terawatt-hours (TWh), using a conversion factor of 1,000,000 / 3,600 (~277.778).",
      "shortUnit": "TWh",
      "unit": "terawatt-hours",
      "timespan": "1800-2024",
      "type": "Numeric",
      "conversionFactor": 1,
      "owidVariableId": 1077527,
      "shortName": "coal__twh_direct_energy",
      "lastUpdated": "2025-06-27",
      "nextUpdate": "2026-06-27",
      "citationShort": "Energy Institute - Statistical Review of World Energy (2025); Smil (2017) – with major processing by Our World in Data",
      "citationLong": "Energy Institute - Statistical Review of World Energy (2025); Smil (2017) – with major processing by Our World in Data. “Direct primary energy from coal” [dataset]. Energy Institute, “Statistical Review of World Energy”; Smil, “Energy Transitions: Global and National Perspectives” [original data].",
      "fullMetadata": "https://api.ourworldindata.org/v1/indicators/1077527.metadata.json"
    }
  },
  "dateDownloaded": "2025-10-29",
  "activeFilters": {}
}